<?xml version="1.0" encoding="gb2312"?>
<M7Config>
    <Software>
        <Version>20</Version>
        <Welcometime>5</Welcometime>
        <Approvertime>30</Approvertime>
        <Shutdown>17:31</Shutdown>
        <Boot>8:30</Boot>
        <ShowEmployeePage>1</ShowEmployeePage>
        <customerInfo>0</customerInfo>
    </Software>
    <Server>
        <IP>192.168.1.199</IP>
        <Port>8080</Port>
    </Server>
    <Network>
        <Type>0</Type>
    </Network>
</M7Config>

